Name,RiskGroup,RiskReason,FollowUpPriority,TotalPower,TotalTerritoryPoints,TotalCombatWaves,PlatoonUnits,RogueActions,MissedDeployments,SuccessfulDeployments,DeployGPShare,ContributionScore,RawContributionScore,PowerEfficiency,ExpectedRatio,ContributionResidual
3ATM3,Red,"missed deploy, low waves, low platoons",6,14212788,64007096,38,4,0,1,3,0.797801360296094,0.410620330003973,102.007096,7.17713484504237,0.723192809103079,-39.0439414494897
Chelli,Red,"missed deploy, low waves",5,14387605,54829254,21,9,1,1,3,0.68368289232294,0.311166487025997,75.829254,5.27045703576099,0.525607875363527,-68.440376563572
Viggen,Red,"missed deploy, low waves",5,13532916,60372843,35,20,0,1,3,0.798033816215219,0.39859951015324,95.372843,7.04747173484266,0.742006118883566,-33.1609258906116
ZKylo Jiuter,Red,"missed deploy, low waves",5,13828750,66249604,35,5,0,1,3,0.797924367712194,0.408683784517142,101.249604,7.32167433788303,0.755704416055682,-32.7308278313521
kernowjg,Red,"missed deploy, low waves",5,13250119,62821369,39,42,0,1,3,0.799686191497601,0.444040715685058,101.821369,7.6845626065698,0.825620174346296,-21.505763940543
HedaLeia,Red,"missed deploy",3,13829287,69989545,44,22,1,1,3,0.845368210233832,0.47454292856691,113.989545,8.24261908802674,0.850729710518804,-20.0007736530129
ThePassifier,Red,"missed deploy",3,14309897,75678495,58,20,0,1,3,0.850804656385717,0.550847928521697,133.678495,9.34168114557358,0.93586876591627,-9.16043698329031
Taero,Red,"missed deploy",3,14603291,81846444,75,6,2,1,3,0.809844356316669,0.630107615218477,156.846444,10.7404861000168,1.05805270811459,8.60577243696019
FØAL,Red,"missed deploy",3,13985060,81300288,76,44,0,1,3,0.818628078821256,0.666096160603615,157.300288,11.2477378001954,1.14936617715887,20.4419993831967
Glove,Red,"low waves",2,13450907,68386623,4,16,1,0,4,0.997492644919781,0.304806347379643,72.386623,5.38154215176716,0.56986624013009,-54.6372606809765
Trojan,Red,"low waves",2,11936139,55994237,28,6,0,0,4,0.79759099655257,0.340773283933898,83.994237,7.03696873838349,0.847269842600859,-15.1409295983572
Lannavo,Red,"low waves",2,13695034,71604957,13,12,0,0,4,0.997203906175041,0.349652090304839,84.604957,6.17778364040571,0.643292918382691,-46.9136010041921
Zarckel,Red,"low waves",2,14077201,76390839,15,9,0,0,4,0.997236226150355,0.37406155190851,91.390839,6.49211721847262,0.659601069374552,-47.1638772418321
peregrine7,Red,"low waves",2,10717007,69499116,33,13,0,0,4,0.996571262853519,0.421044479045369,102.499116,9.56415499215406,1.33654750725566,25.8096489637988
JAYBIRD,Red,"low waves",2,13844606,73892842,16,107,0,0,4,0.99808542041572,0.456266648701526,89.892842,6.49298665487483,0.669481358471301,-44.3795180329395
DarthShuka,Red,"low waves",2,12464981,73688855,39,11,0,0,4,0.995973583914809,0.459750538107839,112.688855,9.04043536047107,1.03506018809445,3.81706542082559
Jacyn Amme,Red,"low waves",2,13944162,78856431,35,10,0,0,4,0.996330550376566,0.463810260776712,113.856431,8.16516840524371,0.836531900714925,-22.2488758062257
spudgun187 ren,Red,"low waves",2,13336063,76920428,39,22,1,0,4,0.99714839379508,0.482636639182301,115.920428,8.69225257859085,0.928035572135381,-8.98903827538281
FollowerofRevan,Red,"low platoons",1,14893637,73145398,41,2,1,0,4,0.799306965786799,0.457354947247319,114.145398,7.6640378706692,0.743200419794047,-39.4408957639777
eddiebrock,Red,"low platoons",1,12169744,78972974,57,4,1,0,4,0.997168683252499,0.545714932191007,135.972974,11.1730348641681,1.31455990861226,32.5368558670941
Certified Taco Lover,Red,"low platoons",1,12620265,79622276,60,0,0,0,4,0.997625707542591,0.556560667812327,139.622276,11.0633394782122,1.24963152872364,27.8915195404469
Calaveylon Kwai,Red,"low platoons",1,12369431,82174007,61,4,0,0,4,0.997675382157837,0.574357965467415,143.174007,11.5748256326423,1.33666823047187,36.0614088727471
Azz01,Amber,"acceptable activity, below expected GP",1,14251726,72521863,51,26,1,0,4,0.812162204072686,0.515946484989503,123.521863,8.66715112260789,0.871296210227403,-18.2460702815663
steeeaaaddd,Green,"solid contributor, above expected GP",0,11877492,69714417,41,21,0,0,4,0.99605847766515,0.460695162113444,110.714417,9.32136321371549,1.12910061357226,12.6590128410027
Rikie1,Green,"solid contributor",0,12720860,73311339,44,35,0,0,4,0.996667096407004,0.499593108558082,117.311339,9.22196604632077,1.03282632097459,3.72850651631242
EtA Mr Bodia,Green,"solid contributor, above expected GP",0,12984197,82203035,55,15,0,0,4,0.997526223608591,0.560700225076363,137.203035,10.5669249318999,1.15850427054497,18.7718487813604
Everton Jabb,Green,"solid contributor, above expected GP",0,12823986,80526448,62,27,0,0,4,0.99623032963386,0.592410378423357,142.526448,11.114052058385,1.23419282745434,27.0449407107566
Nick,Green,"solid contributor, above expected GP",0,13848325,86192101,59,25,1,0,4,0.997395222887967,0.601516567488058,145.192101,10.4844521629872,1.08077417383874,10.8512696639763
Delaraex,Green,"solid contributor, above expected GP",0,13705359,82649140,59,45,0,0,4,0.997526033429697,0.605308034156454,141.64914,10.3353104431631,1.07547329602596,9.94048621620462
Aserius,Green,"solid contributor, above expected GP",0,13595568,85590216,69,40,0,0,4,0.996084782923376,0.652086931422771,154.590216,11.3706331357395,1.19202307287226,24.9029477598772
TickTock,Green,"solid contributor, above expected GP",0,14025867,94396456,69,13,1,0,4,1.02840354895708,0.66312354546528,163.396456,11.6496510340502,1.18739144600889,25.7868609930496
Fleshstorm,Green,"solid contributor, above expected GP",0,13833611,88862462,78,7,0,0,4,0.997690610210161,0.671023028684472,166.862462,12.0621045365523,1.24459275519754,32.7925332597228
TigerMan,Green,"solid contributor, above expected GP",0,14686250,95632121,70,12,1,0,4,0.997686815899225,0.671131753059181,165.632121,11.27804041195,1.10592428656967,15.8640735744802
Obo Nâm,Green,"solid contributor, above expected GP",0,13904805,77868353,68,104,0,0,4,0.862546249300152,0.674790534307411,145.868353,10.4904997229375,1.07746788561327,10.4876563243162
cheeks,Green,"solid contributor, above expected GP",0,14379295,90442275,73,27,0,0,4,0.99753519209391,0.675647850707725,163.442275,11.3665012784006,1.13409723199636,19.3256416207866
DarthVenatus,Green,"solid contributor, above expected GP",0,14249695,92636288,75,19,1,0,4,0.997750604486622,0.685145310400064,167.636288,11.7642018302848,1.18278169174798,25.9057478930946
Custardman,Green,"solid contributor, above expected GP",0,13887302,92726335,77,10,0,0,4,0.997486552823579,0.685293517562211,169.726335,12.2216925217008,1.25668805635843,34.6678897945724
Opus,Green,"solid contributor",0,15507495,93965395,60,80,0,0,4,0.997034388855195,0.686226689963792,153.965395,9.92845040414329,0.933756497876209,-10.9227694734874
Dimes and Pennies,Green,"solid contributor, above expected GP",0,14070742,93986267,77,7,1,0,4,0.997947968913082,0.687649997643353,170.986267,12.1519012288051,1.23513043018,32.5504687862994
Holycrabe,Green,"solid contributor, above expected GP",0,14301884,93686116,73,31,0,0,4,0.996181048594717,0.692276906907761,166.686116,11.6548362439522,1.1681580850567,23.9947130706527
Talyn Stormborn,Green,"solid contributor, above expected GP",0,13833173,93180151,68,71,0,0,4,0.997795950357882,0.706544428163162,161.180151,11.6517122282791,1.20228188266918,27.1182863712449
Cameron2394,Green,"solid contributor, above expected GP",0,14339577,94372808,79,36,0,0,4,0.99732381227145,0.723222993244496,173.372808,12.0905106196647,1.20913869927694,29.9874311994095
EmperorArteta,Green,"solid contributor, above expected GP",0,14991784,96943871,79,41,0,0,4,0.996341022522736,0.738051449887512,175.943871,11.7360196091406,1.13224876475796,20.550571862587
Preece,Green,"solid contributor, above expected GP",0,15056935,102333461,80,45,0,0,4,0.997954072326141,0.767244003314958,182.333461,12.1096000613671,1.16437953441952,25.7406528904872
Iceman2781,Green,"solid contributor, above expected GP",0,13709064,96312285,97,15,0,0,4,0.997161396284969,0.783144561636471,193.312285,14.1010564251505,1.46696676675476,61.5354176701097
PRCalvin,Green,"solid contributor, above expected GP",0,15061943,100093611,84,77,0,0,4,0.995053705886419,0.802868319995116,184.093611,12.2224344495262,1.1749280245544,27.4085995331746
Dulce Periculum,Green,"solid contributor, above expected GP",0,15010141,104929559,85,70,0,0,4,0.995666543039136,0.819927846650144,189.929559,12.653416047191,1.21959805750651,34.1982852159839
Banshajn,Green,"solid contributor, above expected GP",0,14245615,106351666,109,21,1,0,4,0.997684634885893,0.876230931561658,215.351666,15.1170494218747,1.52025007174936,73.6962436442599
Locohoco,Green,"solid contributor, above expected GP",0,15188908,112067388,114,21,0,0,4,0.997512329391948,0.918918918918919,226.067388,14.8837156693556,1.421605485775,67.0447968084941
Din Al,Green,"solid contributor, above expected GP",0,16306775,111997448,101,111,0,0,4,1.00012681845429,0.948403370573126,212.997448,13.0618989959695,1.18592899512646,33.3935687835316
