Name,Status,PatternReason,RecentRuns,WatchFlags,ConcernFlags,LowWaveFlags,MissedDeployFlags,CurrentRisk,CurrentReason,CurrentScore,RecentAvgScore,PreviousAvgScore,ScoreChangePct,CurrentExpectedRatio,CurrentWaves,CurrentMissed
Chelli,Concern,"non-green in 5 recent TBs, low waves in 3 recent TBs, missed deploys in 2 recent TBs, score down 21% vs recent average",5,3,5,3,2,Red,"missed deploy, low waves",0.311166487025997,0.3788468896388,0.395766990292,-0.213763414688993,0.525607875363527,21,1
3ATM3,Concern,"non-green in 5 recent TBs, missed deploys in 2 recent TBs",5,3,5,2,2,Red,"missed deploy, low waves, low platoons",0.410620330003973,0.458553078591469,0.470536265738343,-0.127335425762247,0.723192809103079,38,1
ZKylo Jiuter,Concern,"non-green in 5 recent TBs, low waves in 5 recent TBs, missed deploys in 2 recent TBs",5,3,5,5,2,Red,"missed deploy, low waves",0.408683784517142,0.443800127491678,0.452579213235312,-0.0969894936278208,0.755704416055682,35,1
Glove,Concern,"non-green in 5 recent TBs, low waves in 5 recent TBs",5,3,5,5,1,Red,"low waves",0.304806347379643,0.294964260748419,0.292503739090613,0.0420596616210038,0.56986624013009,4,0
Jacyn Amme,Concern,"non-green in 5 recent TBs, low waves in 4 recent TBs, missed deploys in 2 recent TBs",5,3,5,4,2,Red,"low waves",0.463810260776712,0.429470960309855,0.42088613519314,0.101985126128885,0.836531900714925,35,0
FollowerofRevan,Concern,"non-green in 5 recent TBs, low waves in 4 recent TBs",5,3,5,4,1,Red,"low platoons",0.457354947247319,0.400740984913062,0.386587494329497,0.183056756764886,0.743200419794047,41,0
Certified Taco Lover,Concern,"non-green in 5 recent TBs",5,3,5,0,0,Red,"low platoons",0.556560667812327,0.485450979875488,0.467673557891279,0.190062295422125,1.24963152872364,60,0
peregrine7,Concern,"non-green in 5 recent TBs, low waves in 5 recent TBs",5,3,5,5,0,Red,"low waves",0.421044479045369,0.363923922895016,0.349643783857428,0.204209822923823,1.33654750725566,33,0
Lannavo,Concern,"non-green in 5 recent TBs, low waves in 5 recent TBs, missed deploys in 3 recent TBs",5,3,5,5,3,Red,"low waves",0.349652090304839,0.248118221716294,0.222734754569157,0.569813794803518,0.643292918382691,13,0
JAYBIRD,Concern,"non-green in 4 recent TBs, low waves in 3 recent TBs",5,2,4,3,1,Red,"low waves",0.456266648701526,0.481491920218692,0.487798238097984,-0.0646406381445847,0.669481358471301,16,0
kernowjg,Concern,"non-green in 4 recent TBs, low waves in 4 recent TBs, missed deploys in 2 recent TBs",5,2,4,4,2,Red,"missed deploy, low waves",0.444040715685058,0.466899903442348,0.47261470038167,-0.0604593650462766,0.825620174346296,39,1
Calaveylon Kwai,Concern,"non-green in 4 recent TBs",5,2,4,0,0,Red,"low platoons",0.574357965467415,0.580491083091316,0.582024362497292,-0.0131719521103594,1.33666823047187,61,0
spudgun187 ren,Concern,"non-green in 4 recent TBs, low waves in 3 recent TBs",5,2,4,3,0,Red,"low waves",0.482636639182301,0.454232340381797,0.447131265681671,0.0794070471598535,0.928035572135381,39,0
DarthShuka,Concern,"non-green in 4 recent TBs, low waves in 4 recent TBs",5,2,4,4,0,Red,"low waves",0.459750538107839,0.432179520879751,0.425286766572728,0.0810365481457248,1.03506018809445,39,0
Opus,Concern,"non-green in 4 recent TBs, missed deploys in 4 recent TBs",5,2,4,0,4,Green,"solid contributor",0.686226689963792,0.583357758743853,0.557640525938868,0.230589704377082,0.933756497876209,60,0
Trojan,Concern,"non-green in 3 recent TBs, low waves in 3 recent TBs",5,3,3,3,1,Red,"low waves",0.340773283933898,0.378616591511678,0.388077418406123,-0.121893550690242,0.847269842600859,28,0
Zarckel,Concern,"non-green in 3 recent TBs, low waves in 3 recent TBs",3,3,3,3,1,Red,"low waves",0.37406155190851,0.296516471965991,0.257743931994732,0.4512914000092,0.659601069374552,15,0
PRCalvin,Concern,"non-green in 3 recent TBs, missed deploys in 3 recent TBs",5,1,3,0,3,Green,"solid contributor, above expected GP",0.802868319995116,0.696175107420623,0.669501804277,0.199202623303069,1.1749280245544,84,0
steeeaaaddd,Concern,"non-green in 3 recent TBs, low waves in 3 recent TBs, missed deploys in 2 recent TBs",5,1,3,3,2,Green,"solid contributor, above expected GP",0.460695162113444,0.399248533393108,0.383886876213025,0.200080520225436,1.12910061357226,41,0
HedaLeia,Concern,"missed deploys in 2 recent TBs",5,2,2,0,2,Red,"missed deploy",0.47454292856691,0.507505558823215,0.515746216387291,-0.0798906254882539,0.850729710518804,44,1
TigerMan,Concern,"missed deploys in 2 recent TBs",5,0,2,0,2,Green,"solid contributor, above expected GP",0.671131753059181,0.656477460927308,0.65281388789434,0.0280598582605609,1.10592428656967,70,0
Holycrabe,Concern,"missed deploys in 2 recent TBs",5,0,2,0,2,Green,"solid contributor, above expected GP",0.692276906907761,0.67673082984062,0.672844310573834,0.0288812672241421,1.1681580850567,73,0
Dimes and Pennies,Concern,"missed deploys in 2 recent TBs",5,0,2,0,2,Green,"solid contributor, above expected GP",0.687649997643353,0.644673323237191,0.633929154635651,0.0847426603033869,1.23513043018,77,0
cheeks,Concern,"missed deploys in 2 recent TBs",5,0,2,0,2,Green,"solid contributor, above expected GP",0.675647850707725,0.568840805673726,0.542139044415226,0.246263034673158,1.13409723199636,73,0
Viggen,Watch,"non-green in 2 of last 3 TBs, score down 21% vs recent average",3,2,2,2,1,Red,"missed deploy, low waves",0.39859951015324,0.468805542053191,0.503908558003166,-0.208984440088164,0.742006118883566,35,1
Taero,Watch,"score down 28% vs recent average",5,1,1,0,1,Red,"missed deploy",0.630107615218477,0.821873879720701,0.869815445846257,-0.275584702217566,1.05805270811459,75,1
